V1,country,description,designation,points,price,province,region_1,region_2,taster_name,taster_twitter_handle,title,variety,winery
200,Italy,"Aromas of mature black-skinned berry, tobacco and dark spice lead the way. The rounded palate offers dried cherry, raspberry, coffee and a licorice note alongside velvety if not very persistent tannins. Showing the heat of the vintage, this is evolving quickly so enjoy over the next several years.",Riserva,90,,Tuscany,Brunello di Montalcino,"",Kerin O’Keefe,@kerinokeefe,Tenuta di Sesta 2011 Riserva  (Brunello di Montalcino),Sangiovese,Tenuta di Sesta
201,Italy,"Made with 60% Pinot Bianco, 30% Chardonnay and 10% Sauvignon Blanc, this boasts appealing aromas of acacia flower, nectarine and Alpine herb. The elegant palate delivers juicy Gala apple, yellow peach and a touch of ginger alongside fresh acidity.",Nova Domus Riserva,90,62,Northeastern Italy,Alto Adige,"",Kerin O’Keefe,@kerinokeefe,Terlan 2014 Nova Domus Riserva White (Alto Adige),White Blend,Terlan
202,Israel,"This wine features pleasing aromas of raspberry, jumper berry and black pepper. There is a nice mélange of fruit and spice flavors, notably black cherry, dark plums, anise, and cardamom. Smooth tannins ply the palate right into a bright finish that bears a touch of salinity.","",90,50,Judean Hills,"","",Mike DeSimone,@worldwineguys,Yatir 2011 Syrah (Judean Hills),Syrah,Yatir
203,Portugal,"A year in wood and 30 months in bottle before release have allowed this attractive wine to fully develop its solid yet smooth texture. It has concentration, layers of bright black currant fruit and vibrant acidity. Ready to drink.",Montes Claros Garrafeira,90,28,Alentejo,"","",Roger Voss,@vossroger,Adega Cooperativa de Borba 2012 Montes Claros Garrafeira Red (Alentejo),Portuguese Red,Adega Cooperativa de Borba
204,US,"This bottling belongs to a series of wines from the legendary Jerry Lohr emphasizing Rhône varieties. It shows candied blackberry, violets and potpourri on the fruity, flowery and inviting nose. The palate leads with savory black pepper, which accents its core of black plum, blackberry and purple flower flavors.",Gesture,90,30,California,Paso Robles,Central Coast,Matt Kettmann,@mattkettmann,J. Lohr 2014 Gesture G-S-M (Paso Robles),G-S-M,J. Lohr
205,US,"Rich honeysuckle, marzipan and oak aromas meet bright lemongrass on the nose of this bottling, showing both the fresh and oxidative sides of the grape. Smoked chicken and brioche notes are prominent on the palate, leading to a tangy, botanical, juniper-laced finish.",October Night,90,25,California,Arroyo Seco,Central Coast,Matt Kettmann,@mattkettmann,J. Lohr 2015 October Night Chardonnay (Arroyo Seco),Chardonnay,J. Lohr
206,US,"This is an extraordiary deal for a solidly built, high-level wine. It offers succulent cherry, raspberry and vanilla flavors, wrapped in approachable, mellowed tannin and oak.","",90,25,California,Napa Valley,Napa,Virginie Boone,@vboone,Courtney Benham 2014 Cabernet Sauvignon (Napa Valley),Cabernet Sauvignon,Courtney Benham
207,US,"Juicy and austere in understated waves of cranberry and cherry fruit, this wine delivers subtle power and intensity in a leathery-textured package. True to its old vine heritage, it shows a dry dustiness of peppery spice.",Home Ranch Teldeschi Vineyards Century Old Vine,90,32,California,Dry Creek Valley,Sonoma,Virginie Boone,@vboone,Del Carlo Winery 2014 Home Ranch Teldeschi Vineyards Century Old Vine Zinfandel (Dry Creek Valley),Zinfandel,Del Carlo Winery
208,South Africa,"A stony, flinty character leads the nose of this blend of 54% Sauvignon Blanc and 46% Sémillon, followed by scents of ripe peach, nectarine, freshly dried grass and herbs. The medium-weight palate offers more clean fruit flavors that result in a smooth, slightly creamy mouthfeel. Ample acidity lends freshness to the finish, alongside a lingering yellow flower character. Drink now–2019.",Reserve,90,40,Coastal Region,"","",Lauren Buzzeo,@laurbuzz,Delaire Graff 2013 Reserve White (Coastal Region),White Blend,Delaire Graff
209,France,"Intriguing, thought provoking and complex, this wine starts off with perfumed aromas of thyme, bay leaf and lavender. It's supple in the mouth and silky in feel, imbued with black cherry and blueberry fruit, then shows a hint of adhesive bandage on the finish. Drink now.","",90,16,Rhône Valley,Côtes du Rhône,"",Joe Czerwinski,@JoeCz,Domaine St Pierre 2014 Red (Côtes du Rhône),Rhône-style Red Blend,Domaine St Pierre
210,South Africa,"This leads with clean yet soft scents of ripe apple, Anjoy pear and orange blossom. Those notes carry through to the medium-weight palate, well integrated with soft toasted-oak tones. It's harmonious and balanced, with ample acidity lending good lift through the close. Drink now.","",90,20,Western Cape,"","",Lauren Buzzeo,@laurbuzz,Eikendal 2014 Chardonnay (Western Cape),Chardonnay,Eikendal
211,France,"This is taut and sinewy in profile, but shows off a fine range of aromas, from thyme and lavender to cocoa, red plum and ripe cherry. The raspberry and herb flavors finish in a storm of firm tannins. Drink 2020–2025.",Les Christins,90,32,Rhône Valley,Vacqueyras,"",Joe Czerwinski,@JoeCz,Famille Perrin 2013 Les Christins Red (Vacqueyras),Rhône-style Red Blend,Famille Perrin
212,Spain,"Mellow white-fruit aromas are nonspecific and oaky, but not overly so. This barrel-fermented Verdejo feels plump and chunky, with balancing acidity. Salty melon, apricot and apple flavors end steady and long. For barrel-fermented Verdejo, this is at the top of the pile.",Fermentado en Barrica,90,40,Northern Spain,Rueda,"",Michael Schachner,@wineschach,Matarromera 2015 Fermentado en Barrica Verdejo (Rueda),Verdejo,Matarromera
213,US,"This blend of 60% Petite Sirah, 21% Syrah, 7% Grenache, 6% Petit Verdot, 5% Tannat and 1% Viognier is tightly wound but likely to improve with time. Opened now, it offers elderberry, black currant, pencil lead and loam on the nose, with lava rock, crème de cassis and kirsch flavors slowing emerging on the palate.",1105,90,48,California,Paso Robles,Central Coast,Matt Kettmann,@mattkettmann,MCV 2014 1105 Red (Paso Robles),Red Blend,MCV
214,US,"This is a big, brawny expression of Grenache, Mourvèdre, Syrah and Counoise, the Grenache playing the dominant role in the blend. It coats the palate in dense raspberry and blueberry fruit, seasoned with pepper and nutmeg. A leathery touch to the texture and lifted acidity keeps it from feeling heavy or overdone.",Verah,90,36,California,Dry Creek Valley,Sonoma,Virginie Boone,@vboone,Mounts 2014 Verah Red (Dry Creek Valley),Rhône-style Red Blend,Mounts
215,Israel,"Aromas of blackberry, fennel bulb and smoke set the scene for flavors of cherry, raspberry, chocolate and tobacco leaf. Mellow but ever-apparent tannins ply the palate alongside a strong bolt of acidity that tapers off into a pomegranate-imbued finish.",French Blend,90,80,Galilee,"","",Mike DeSimone,@worldwineguys,Or Haganuz 2014 French Blend Red (Galilee),Bordeaux-style Red Blend,Or Haganuz
216,Italy,"Black-skinned berry, pipe tobacco and Mediterranean herb aromas waft out of the glass and carry over to the firm linear palate along with morello cherry, licorice and a hint of clove. Taut fine-grained tannins and fresh acidity provide the backbone while orange peel marks the finish. Drink 2019–2025.","",90,57,Tuscany,Brunello di Montalcino,"",Kerin O’Keefe,@kerinokeefe,Podere Scopetone 2012  Brunello di Montalcino,Sangiovese,Podere Scopetone
217,Portugal,"Wood aging gives this ripe blend of Baga and Touriga Nacional its richness and density. It's full of black fruit, toast and a touch of pepper. With ripe tannins and crisp acidity, it can easily age another year. Drink from 2018.","",90,20,Beira Atlantico,"","",Roger Voss,@vossroger,Quinta de Foz de Arouce 2013 Red (Beira Atlantico),Portuguese Red,Quinta de Foz de Arouce
218,US,"Pithy, with grapefruit and lemon peel flavors, this wine is deceptively crisp and light on the nose, offering a wealth of body and lushness on the palate, accented with nutmeg and peach. It includes 4% Sémillon, partly from the winery's beloved To Kalon vineyard.","",90,20,California,Napa Valley,Napa,Virginie Boone,@vboone,Robert Mondavi 2015 Fumé Blanc (Napa Valley),Fumé Blanc,Robert Mondavi
219,Hungary,"From a vineyard in Northern Tokaj this dry Furmint has aromas of citrus pith and freshly cut pineapple. In the mouth, there are delightful flavors of grapefruit juice and white peach before the pleasantly acidic finish.",Megyer Dry,90,36,Tokaj,"","",Jeff Jenssen,@worldwineguys,Samuel Tinon 2015 Megyer Dry Furmint (Tokaj),Furmint,Samuel Tinon
220,US,"Briny green olive notes underlie a tropically ripe, full-bodied expression of the variety. The wine's apple, pineapple and mango fruit is wrapped in toasted oak and moderate acidity.","",90,40,California,Sonoma Coast,Sonoma,Virginie Boone,@vboone,Sixteen by Twenty 2014 Chardonnay (Sonoma Coast),Chardonnay,Sixteen by Twenty
221,Italy,"This opens with enticing aromas of chamomile flower, white peach and a whiff of Alpine herb. The elegant palate offers McIntosh apple, candied lemon and a vein of energizing mineral. Fresh acidity lends balance.",Passion Riserva,90,40,Northeastern Italy,Alto Adige,"",Kerin O’Keefe,@kerinokeefe,St. Pauls 2014 Passion Riserva Pinot Bianco (Alto Adige),Pinot Bianco,St. Pauls
222,Italy,"Chopped herb, forest floor, leather, espresso and a balsamic note are some of the aromas that waft out of the glass. The powerfully structured palate delivers prune, dried cherry, tobacco, and roasted coffee bean framed in firm fine-grained tannins. Give the tannins a few more years to unwind then drink to capture the fruit richness. Drink 2018–2023.",Trentennale,90,,Tuscany,Brunello di Montalcino,"",Kerin O’Keefe,@kerinokeefe,Talenti 2011 Trentennale  (Brunello di Montalcino),Sangiovese,Talenti
223,Italy,"Bright and creamy, this savory white offers aromas and flavors of ripe apple, Bartlett pear, Alpine herb and a citrus note. Fresh acidity and a mineral vein energize the finish.","",90,,Northeastern Italy,Alto Adige,"",Kerin O’Keefe,@kerinokeefe,Terlan 2015 Pinot Bianco (Alto Adige),Pinot Bianco,Terlan
224,Argentina,"Blackberry and road-tar aromas are dark and stout. This is moderately tannic and a bit rough and jagged on the palate. Flavors of stewed black plum and prune are ripe almost to an extreme, and that's how it finishes as well.",Lunta,90,22,Mendoza Province,Luján de Cuyo,"",Michael Schachner,@wineschach,Mendel 2014 Lunta Malbec (Luján de Cuyo),Malbec,Mendel
225,South Africa,"There's a pleasant, toasty seam throughout the nose and mouth of this well-balanced wine, expressed in notes of sweet spice and honeycomb that frame the yellow melon and apple fruit core. It's plush and mouthfilling, but not flabby or overdone, thanks to balancing acidity and an assertive spicy tone that dominates the finish. Drink now.","",90,25,Stellenbosch,"","",Lauren Buzzeo,@laurbuzz,Oldenburg 2013 Chardonnay (Stellenbosch),Chardonnay,Oldenburg
226,South Africa,"This is a round and rich wine, with notes of wood-grilled apple, guava and toasted challah. Smooth and lush in feel, ripe peach and tropical tones drive the palate, while hints of honeysuckle and baking spice unfold on the finish. Ample acidity keeps the wine's weight in check. Drink now.","",90,20,Stellenbosch,"","",Lauren Buzzeo,@laurbuzz,Oldenburg 2014 Chenin Blanc (Stellenbosch),Chenin Blanc,Oldenburg
227,US,"The deep ruby color belies this wines cool-climate origins. The nose shows more black fruit aromas than is typical for Pinot Noir. The palate is all Pinot, though, with cherry pie filling flavors made more complex by vanilla from toasty new oak. It finishes with some nice mineral and earth notes. Silky tannins allow for immediate consumption but the wine will gain in complexity after a year or two in the cellar.",Grace House,85,15,New York,Finger Lakes,Finger Lakes,"","",Wagner 2006 Grace House Pinot Noir (Finger Lakes),Pinot Noir,Wagner
228,US,"A thoroughly honest effort, opening with lovely quince, apple and lemon fruit. The palate has a crisp lime edge and finishes with a kick of refreshing acidity. Drink now.",Semi-Dry,85,14,New York,Cayuga Lake,Finger Lakes,"","",Treleaven 2006 Semi-Dry Riesling (Cayuga Lake),Riesling,Treleaven
229,US,"Not clear what the varietal blend is, but it's like a nice, easy southern Rhône wine. Soft and fruity, it's rich in jammy blackberry, cherry, Mandarin orange, chocolate and anise spice flavors.",Costa Del Sol,85,18,California,Napa Valley,Napa,"","",Benessere 2005 Costa Del Sol Red (Napa Valley),Red Blend,Benessere
230,US,"Orange blossom and flowers lead on this Gewürtz, and on the palate, a citric, lemon edge outweighs the sweet and floral components that would give this wine a prettier edge. Nonetheless, the wine has an attractive, crisp and clean character and will pair well with grilled seafood and poultry.","",85,16,New York,Finger Lakes,Finger Lakes,Susan Kostrzewa,@suskostrzewa,Bloomer Creek 2006 Gewürztraminer (Finger Lakes),Gewürztraminer,Bloomer Creek
231,Argentina,"Meaty and rubbery, but that's young Bonarda. This is a sound wine with dark berry flavors, raisin and pulsing acidity. Still, there's modest roundness to the palate and length to the finish. Overall, it's tasty, full and borderline raisiny. Drink now.","",85,10,Mendoza Province,Mendoza,"",Michael Schachner,@wineschach,Andean Sky 2007 Bonarda (Mendoza),Bonarda,Andean Sky
232,Australia,Lifted cedar and pine notes interspersed with appealing woodsy scents give way to a surprisingly intense palate that shows some nice peppery notes but ultimately falls short on the finish. Nearly imperceptible tannins suggest early consumption.,Red Belly Black,85,12,South Australia,South Australia,"","","",Angove's 2006 Red Belly Black Shiraz (South Australia),Shiraz,Angove's
233,US,"There is an odd, piercing edge to the aromas, a mix of acetic acid and pungent herb, with a hint of diesel. Somehow it's not off-putting, just atypical. The light, tart fruit is a mix of rhubarb and cranberry, very earthy and tasting of dirt and bark in the finish. This could be quite pleasant with a hearty, rustic dish such as beef Bourgogne.",Reserve,85,28,Oregon,Willamette Valley,Willamette Valley,Paul Gregutt,@paulgwine ,Silvan Ridge 2006 Reserve Pinot Noir (Willamette Valley),Pinot Noir,Silvan Ridge
234,Italy,"Neutral and unassuming on first impact, this luminous rosé eventually delivers notes of mineral, ash, stone fruit and small berry. The wine offers more in the mouth, however, where it exhibits fresh flavors of raspberry and blueberry.",Cerasuolo Rosè,85,10,Central Italy,Montepulciano d'Abruzzo,"","","",Talamonti 2007 Cerasuolo Rosè  (Montepulciano d'Abruzzo),Montepulciano,Talamonti
235,US,"Overly sweet and simple, and something of a disappointment given the winery's past performance, this Syrah tastes like melted cherry jam, stirred with chocolate pie filling and sprinkled with fennel and pepper.",Thompson Vineyard,85,49,California,Santa Barbara County,Central Coast,"","",Testarossa 2006 Thompson Vineyard Syrah (Santa Barbara County),Syrah,Testarossa
236,US,"Shows rich, firm mountain tannins and well-ripened, concentrated flavors of blackberries, cherries, currants and cocoa, and is thoroughly dry. But the wine loses a few points for hot caramelization, which may be partly over-charred oak and partly shriveled, overripe berries, if not both.",Kiss Ridge Vineyard,85,85,California,Diamond Mountain District,Napa,"","",Meeker 2004 Kiss Ridge Vineyard Cabernet Sauvignon (Diamond Mountain District),Cabernet Sauvignon,Meeker
237,Italy,"The wine boasts a beautiful appearance thanks to its saturated golden color and faint amber highlights. It has a very fragrant nose and offers honey, peach and soapy floral notes. In the mouth, the wine delivers sweet fruit and a soft, silky texture.","",85,18,Central Italy,San Marino,"","","",Consorzio Vini Tipici di San Marino NV Moscato (San Marino),Moscato,Consorzio Vini Tipici di San Marino
238,Australia,"The sort of wine one imagines early Australian settlers gulped down—big and burly in the mouth and a bit warm, rough and dusty on the finish. Hints of mint-accented cherry fruit and earthy notes.",The Derelict Vineyard,85,29,South Australia,McLaren Vale,"",Joe Czerwinski,@JoeCz,D'Arenberg 2006 The Derelict Vineyard Grenache (McLaren Vale),Grenache,D'Arenberg
239,US,"A little rough and rugged, with jangly tannins and blackberry fruit so ripe it veers into raisins. Very dry, it's probably at its best now.","",85,36,California,Mendocino,"","","",Dogwood 2005 Cabernet Sauvignon (Mendocino),Cabernet Sauvignon,Dogwood
240,France,"Dominated by Ugni Blanc, the grape also used in the local Armagnac brandy, this is a tight, crisp wine, green but not unpleasantly so. Its acidity comes from fresh apple flavors, touched with some good juiciness and a fine refreshing finish. Screwcap.","",85,9,Southwest France,Vin de Pays des Côtes de Gascogne,"",Roger Voss,@vossroger,Domaine du Tariquet 2007 Ugni Blanc-Colombard (Vin de Pays des Côtes de Gascogne),Ugni Blanc-Colombard,Domaine du Tariquet
241,US,"Sweetly rich in cherry, red currant and chocolate flavors, with a peppery edge, this Sangiovese is soft in structure. The bright acidity can cut through tomato sauce with cheese.","",85,34,California,Napa Valley,Napa,"","",Falcor 2005 Sangiovese (Napa Valley),Sangiovese,Falcor
242,US,"Made in the modern California style, with very ripe, rather sweet pineapple jam, green apple butter and smoky oak flavors that are wrapped into a creamy texture.",Reserve Selection,85,15,California,Russian River Valley,Sonoma,"","",Hayman & Hill 2007 Reserve Selection Chardonnay (Russian River Valley),Chardonnay,Hayman & Hill
243,US,"This sparkling wine starts with a toasty but soft nose, leading into clean but fruity flavors and a refreshing finish. Though an earlier release might have allowed more primary fruit to show through, the wine offers easygoing but elegant enjoyment.",Blanc de Blanc,85,30,New York,Finger Lakes,Finger Lakes,"","",Hermann J. Wiemer 2002 Blanc de Blanc Chardonnay (Finger Lakes),Chardonnay,Hermann J. Wiemer
244,Spain,"Simple but well-maded wine with aromas of chewing gum, cherry and blackberry. It's a plump, sort of grabby red with sweet raspberry and chocolate flavors followed by a creamy, soft finish. Not much complexity but good fruit and depth. Not the least bit hard to drink. Good mass wine.",Herederos de François Lurton Villafrance de Duero,85,13,Northern Spain,Vino de la Tierra de Castilla y León,"",Michael Schachner,@wineschach,J. & F. Lurton 2007 Herederos de François Lurton Villafrance de Duero Red (Vino de la Tierra de Castilla y León),Red Blend,J. & F. Lurton
245,Argentina,"Not exactly a world-class white wine but at least it smells and tastes like Chardonnay. The nose offers some butter and lemon curd, while the palate is jumpy and tastes like a mix of pear, apple and spice. A fresh, young wine that should be drunk soon.",Reserve,85,12,Other,San Juan,"",Michael Schachner,@wineschach,Finca Las Moras 2007 Reserve Chardonnay (San Juan),Chardonnay,Finca Las Moras
246,Australia,"Juicy and well balanced, this is an admirable effort at the price. Boxwood, grapefruit, lemon and quince notes make for a sophisticated first impression. The palate is straightforward citrus while gooseberry notes pop up on the dry finish. Drink now.",Destinations,85,15,South Australia,Adelaide Hills,"","","",Long Flat 2006 Destinations Sauvignon Blanc (Adelaide Hills),Sauvignon Blanc,Long Flat
247,US,"Tasty, with pie-filling cherries, blackberries and currants accented with smoky oak, but a little on the soft side. Fully developed, so drink now.",Reserve,85,25,California,Sonoma Mountain,Sonoma,"","",Work 2004 Reserve Merlot (Sonoma Mountain),Merlot,Work
248,US,"This seems as if it was assembled from lesser barrels. It's pleasant, very light, simple and tart; the dominant flavor is cranberry juice.",Estate Single Vineyard,85,45,Oregon,Willamette Valley,Willamette Valley,Paul Gregutt,@paulgwine ,Amity 2006 Estate Single Vineyard Pinot Noir (Willamette Valley),Pinot Noir,Amity
249,US,"Cherry pie-filling and boysenberry notes open this impressive blend of Merlot and Petit Verdot. Abundant but velvety tannins give a lift to blueberry and   chocolate tones in the mouth, while the slightly grippy finish shows appealing mixed berry flavors.",Petit Verdot-Merlot,85,18,Virginia,Monticello,"","","",Autumn Hill 2007 Petit Verdot-Merlot Red (Monticello),Bordeaux-style Red Blend,Autumn Hill
250,US,"Ripe, soft and a little sweet, with jellied flavors of blackberries, cherries, chocolate and anise. Drink now.",Estate,85,49,California,Alexander Valley,Sonoma,"","",Blue Rock 2005 Estate Cabernet Sauvignon (Alexander Valley),Cabernet Sauvignon,Blue Rock
251,US,"Spicy and tannic, this inexpensive Pinot from Cherry Hill opens with earthy fruit and leaf flavors—tomato and herb dominate, with just a suggestion of berry. There isn't much in the way of ripeness here, to either fruit or tannins.",Papillon Estate,85,22,Oregon,Willamette Valley,Willamette Valley,Paul Gregutt,@paulgwine ,Cherry Hill 2006 Papillon Estate Pinot Noir (Willamette Valley),Pinot Noir,Cherry Hill
252,US,"Shows the briary, brambly character of Foothills Zin, with an array of wild berry, tobacco, mocha and Asian spice flavors wrapped into finely ground tannins. But the wine is too sweet and candied in the finish. Drink now.",Seity,85,35,California,Amador County,Sierra Foothills,"","",Cloud 9 2006 Seity Zinfandel (Amador County),Zinfandel,Cloud 9
253,Argentina,"Huge in color and extract, but also a little childish. The nose has gumball, berry jam and a touch of volatility, but after things settle it rests on bold black fruit. It's not overly rich or sweet, and the feel is sort of sinewy. Seems more about size and color than refinement and polish.",Reserve,85,15,Mendoza Province,Luján de Cuyo,"",Michael Schachner,@wineschach,Cueva de las Manos 2007 Reserve Malbec (Luján de Cuyo),Malbec,Cueva de las Manos
254,US,"The winery has a good track record with this bottling, which shows how well Petite Sirah does in the warmer St. Helena appellation of Napa Valley. This '08 is dryish to moderately sweet in jammy blackberries and blueberries, with a smoked meat, bacon edge. But it's also firmly tannic, which provides a framework for the sweetness.","",89,45,California,St. Helena,Napa,"","",David Fulton 2008 Petite Sirah (St. Helena),Petite Sirah,David Fulton
255,US,"Esterlina's Pinot is very perfumey, light in body and soul at first, as it gathers steam with a tasty backbone of lush red fruit, spice and plenty of staying power over a meal.",Reserva,89,55,California,Cole Ranch,"",Virginie Boone,@vboone,Esterlina 2009 Reserva Pinot Noir (Cole Ranch),Pinot Noir,Esterlina
256,South Africa,"A good value, this is an easy-pleasing Syrah with vibrant notes of red plum, cherry and blueberry. Fine, dusty tannins reminiscent of cocoa powder and dried crushed berries stay after swallow alongside a hint of sweet smoke flavor.",Goat-Roti,89,20,Coastal Region,"","",Lauren Buzzeo,@laurbuzz,Goats do Roam Wine Co. 2008 Goat-Roti Syrah-Viognier (Coastal Region),Syrah-Viognier,Goats do Roam Wine Co.
257,South Africa,"This approachable Cabernet-based blend, which also has 18% Pinotage, 11% Cab Franc and 2% Shiraz, is a spicy and balanced red with notes of menthol, purple florals, black cherry and berry. With a mouthfeel like crushed velvet, a black pepper finish and an attractive price tag, it's a shame only 100 cases were produced.",The William,89,18,Coastal Region,"","",Lauren Buzzeo,@laurbuzz,Graham Beck 2007 The William Red (Coastal Region),Red Blend,Graham Beck
258,South Africa,"This wine strikes a superb balance between herbaceous, green notes and ripe black fruit, all graced with a kiss of sweet vanilla. Rich blackberry and cassis flavors flood the palate, but then transition to sweet smoke and oak flavors on the finish.","",89,35,Stellenbosch,"","",Lauren Buzzeo,@laurbuzz,Hartenberg 2007 Cabernet Sauvignon (Stellenbosch),Cabernet Sauvignon,Hartenberg
259,France,"Tannic yet balanced wine with a great swathe of perfumed fruit as well as dense black flavors. There is a herbal character as well as dark plum and sweet fruit flavors. Age for 2–3 years, the wine will always be firm.",Noir 46,89,13,Southwest France,Cahors,"",Roger Voss,@vossroger,Vignobles 46N118 2007 Noir 46 Malbec (Cahors),Malbec,Vignobles 46N118
260,US,"Young, tart and wrapped up tight as a drum, this offers sharp flavors of cranberry and a bit of Campari. It has the heft and polish to open up further with some additional bottle age, but it isn't budging at the moment.",Estate,89,40,Oregon,Willamette Valley,Willamette Valley,Paul Gregutt,@paulgwine ,Willamette Valley Vineyards 2009 Estate Pinot Noir (Willamette Valley),Pinot Noir,Willamette Valley Vineyards
261,Argentina,"A blend of 50% Malbec with Cabernet, Syrah and Merlot that's lightly minty and full of tobacco, pepper and spicy aromas. Feels a bit clampy and tannic, with oaky, herbal flavors of plum and sweet berry. Shows a hint of green and drying tannins on the finish.",Estate Blend Gran Reserva,89,37,Mendoza Province,"","",Michael Schachner,@wineschach,Algodon 2008 Estate Blend Gran Reserva Red,Red Blend,Algodon
262,US,"Beaver Creek makes a variation of Fairytale every vintage and this one, sourced from Napa Valley, is 41% Merlot, 36% Zinfandel and 23% Syrah, a mix that seems to work very nicely here. The wine's Zin almost tastes as if it has mountain tannins; the wine is overall herbal and earthy, ripe and sturdy with balanced fruit.",Fairytale,89,39,California,Napa Valley,Napa,Virginie Boone,@vboone,Beaver Creek 2008 Fairytale Red (Napa Valley),Red Blend,Beaver Creek
263,US,"A very good Pinot Noir, rich in cherry, licorice, cola and spice flavors that are wrapped into firm tannins. It's on the forward side, trading complexity and nuance in favor of immediate gratification. Drink now–2014.",Monument,89,60,California,Santa Maria Valley,Central Coast,"","",Byron 2009 Monument Pinot Noir (Santa Maria Valley),Pinot Noir,Byron
264,South Africa,"A good amount of earthy spice, tea leaves and forrest floor lead the way on the nose, but the black cherry and berry fruit aromas follow shortly after with an additional accent of sweet cured meat. Medium weight and lush, the creamy mouth transitions into a finish loaded with sweet spice and bittersweet cocoa.","",89,19,Stellenbosch,"","",Lauren Buzzeo,@laurbuzz,Jardin 2007 Syrah (Stellenbosch),Syrah,Jardin
265,South Africa,"Fairly intense and flavorful, this Chard expresses assertive aromas and flavors of wood-grilled peaches, buttercream frosting, lemon custard and toasted brioche. Medium weight in the mouth with good balance and a touch of baking spice on the close.",Nine Yards,89,40,Stellenbosch,"","",Lauren Buzzeo,@laurbuzz,Jardin 2009 Nine Yards Chardonnay (Stellenbosch),Chardonnay,Jardin
266,Argentina,"For an under-$15 red blend, Corte has it going on. It's rich and full, almost syrupy on the nose, with lots of oak, ink and vanilla. Shows power and packs a punch, with dark berry, chocolate and spicy flavors. A little tannic and scratchy, but with structure and framework to spare. Malbec (80%), with Bonarda and Petit Verdot.",Corte Malbec-Bonarda-Petit Verdot,89,14,Mendoza Province,Mendoza,"",Michael Schachner,@wineschach,Kaiken 2008 Corte Malbec-Bonarda-Petit Verdot Red (Mendoza),Red Blend,Kaiken
267,Italy,"This vineyard-designate blend of Trebbiano and Grechetto opens with a luminous golden color and elegant aromas of stone fruit, citrus, Golden Delicious apple and mature pear. There's a pretty hint of vanilla and almond butter at the back.",Torre di Giano Vigna il Pino,89,40,Central Italy,Torgiano,"","","",Lungarotti 2007 Torre di Giano Vigna il Pino White (Torgiano),White Blend,Lungarotti
268,Italy,"This sophisticated white wine from the homeland of Italy's most robust reds (Ripasso and Amarone) shows a full, generous appearance with a golden-amber color. Stone fruit, toasted almond and candied lemon give it heft and consistency.",Terso,89,36,Veneto,Veneto,"","","",Marchesi Fumanelli 2005 Terso White (Veneto),White Blend,Marchesi Fumanelli
269,Austria,"Smooth and ripe, this is a rich black-fruited wine, its tannins comfortably ensconsed in a rich cushion. There is acidity to balance and spice which, along with the full-bodied fruit character, makes the wine ready to drink now.","",89,17,Leithaberg,"","",Roger Voss,@vossroger,Mariell 2009 Blaufränkisch (Leithaberg),Blaufränkisch,Mariell
270,Italy,"A gorgeous expression of Friulano, this wine (in a screwcap bottle) makes an elegant addition to chicken, pasta or seafood dinners. Layers of peach, almond and pineapple are wrapped tightly together.","",89,25,Northeastern Italy,Colli Orientali del Friuli,"","","",Livio Felluga 2009 Friulano (Colli Orientali del Friuli),Friulano,Livio Felluga
271,Greece,"Lively aromas of lemon, grapefruit and melon start this white from Greece. Flavors of grapefruit and lemon rind are fresh and crisp but still offer dimension. The finish is spicy and clean. A great food wine: pair with grilled fish or clams.","",89,15,Santorini,"","",Susan Kostrzewa,@suskostrzewa,My Big Fat Greek Wine 2010 Assyrtico (Santorini),Assyrtico,My Big Fat Greek Wine
272,Italy,"This partially oak-aged expression of Pinot Bianco from cool-climate Alto Adige (in the far north of Italy) offers a lovely texture that is creamy and smooth at the same time. Measured aromas include melon, apricot, grapefruit and a touch of vanilla spice.",Sirmian,89,26,Northeastern Italy,Alto Adige,"","","",Nals Margreid 2010 Sirmian Pinot Bianco (Alto Adige),Pinot Bianco,Nals Margreid
273,Argentina,"Leather, berry, earth, raisin and roasted qualities define the nose on this Tempranillo-led blend of four grapes. Feels good in the mouth, with active raspberry, plum and coffee flavors that comes with a roasted accent. Mildly leafy, baked and woody on the thorough finish.",B Crux,89,19,Mendoza Province,Uco Valley,"",Michael Schachner,@wineschach,O. Fournier 2007 B Crux Red (Uco Valley),Red Blend,O. Fournier
274,Italy,"This is a gorgeous Italian white from northern Italy that boasts fragrant tones of spring flower and chopped herb backed by peach, honey and white almond. It's crisp, intense and would be perfect with basil Thai curry.",Estrosa,89,13,Piedmont,Monferrato,"","","",Pico Maccario 2010 Estrosa White (Monferrato),White Blend,Pico Maccario
275,Argentina,"A medium-weight Cabernet with plum, prune, tobacco and herb aromas. Features average weight and body, with a creamy texture and layered flavors of black fruit, raspberry and spice. Finishes with herb and plum notes as well as a pinch of tobacco.",Reserva de Familia,89,30,Mendoza Province,Mendoza,"",Michael Schachner,@wineschach,Sottano 2009 Reserva de Familia Cabernet Sauvignon (Mendoza),Cabernet Sauvignon,Sottano
276,US,"A huge, kick butt Zinfandel, packed with sweet berry, bacon, black pepper and smoky cedar flavors. There's absolutely nothing shy about it. Packs a real punch all the way through to the spicy finish. Good price for a Sonoma Zin this classic.",Old Vines,89,20,California,Sonoma County,Sonoma,"","",St. Francis 2009 Old Vines Zinfandel (Sonoma County),Zinfandel,St. Francis
277,US,"Quite a good Cabernet, showing the elegance and ripe fruitiness you expect from Napa, in a style for drinking now. Drily tannic, it shows classic blackberry and blueberry flavors.","",89,30,California,Napa Valley,Napa,"","",Trailhead 2010 Cabernet Sauvignon (Napa Valley),Cabernet Sauvignon,Trailhead
278,US,"Fruity, forward and quite refreshing, this has appealing black cherry fruit with a light candy flavor. The balancing tannins add sufficient depth and weight to allow this a few more years in the cellar.",Bishop Creek,89,50,Oregon,Willamette Valley,"",Paul Gregutt,@paulgwine ,Erath 2009 Bishop Creek Pinot Noir,Pinot Noir,Erath
279,Italy,"This oak-fermented Sauvignon (in an artsy, screwcap bottle) delivers a rich, spicy finish and thick layers of peach, citrus, tomato leaf and honey-like aromas. It's a gorgeous wine that is an absolute pleasure to drink.","",89,52,Northeastern Italy,Alto Adige,"","","",Franz Haas 2009 Sauvignon (Alto Adige),Sauvignon,Franz Haas
280,Austria,"A strongly spicy, rich wine, this has great concentration and an intense, dense texture.There is weight with plenty of ripe tropical fruits to contrast pronounced black pepper and bitter almond character. It's still young, so don't drink before 2015. Screwcap.",Schiefer Reserve,92,24,Kremstal,"","",Roger Voss,@vossroger,Forstreiter 2012 Schiefer Reserve Grüner Veltliner (Kremstal),Grüner Veltliner,Forstreiter
281,US,"This is another fine Pinot from Cambria, showing the winery's great price-quality ratio. Words like opulent and elegant come to mind to describe intense flavors of black cherries, licorice, cola, herb tea and Indian spices. It's bone dry, and also quite tannic, but you can enjoy it now with big, rich lamb and beef dishes, or a wild mushroom risotto. Otherwise, it will continue to improve for at least eight years.",Bench Break Vineyard,92,34,California,Santa Maria Valley,Central Coast,"","",Cambria 2011 Bench Break Vineyard Pinot Noir (Santa Maria Valley),Pinot Noir,Cambria
282,Italy,"This delicious blend of Cabernet Sauvignon, Merlot and Petit Verdot opens with an intense, brooding fragrance of dark fruit, spice and leather. The palate delivers a concentrated black-cherry flavor that's framed by big, chewy tannins and  punctuated by spicy accents of white and black pepper, licorice and pipe. Drink 2015–2024.",Dulcamara,92,41,Tuscany,Toscana,"",Kerin O’Keefe,@kerinokeefe,I Giusti e Zanza 2009 Dulcamara Red (Toscana),Red Blend,I Giusti e Zanza
283,US,"Bella Vida replaces the Abbey Ridge bottling and does so with pizzazz. The best of the 2011 releases, this is a beautiful expression of grapes grown on red clay soils, with refined, deeply penetrating flavors of ripe raspberries. Smooth, supple and long, with uncommon purity, it finishes with a kiss of chocolate from 18 months in one-quarter new oak barrels.",Bella Vida Vineyard Unfiltered,92,52,Oregon,Dundee Hills,Willamette Valley,Paul Gregutt,@paulgwine ,J. Christopher 2011 Bella Vida Vineyard Unfiltered Pinot Noir (Dundee Hills),Pinot Noir,J. Christopher
284,Argentina,"This huge Malbec defines jammy and concentrated. The bouquet is ripe, soft and minty, while the palate echoes the nose with thickness and density. Flavors of prune, raisin, tea and blackberry are borderline syrupy, while the finish is smooth and pure but doesn't offer much spine or foundation. Drink this modern Malbec sooner rather than later.",Marchiori Vineyard Block C2,92,215,Mendoza Province,Perdriel,"",Michael Schachner,@wineschach,Viña Cobos 2011 Marchiori Vineyard Block C2 Malbec (Perdriel),Malbec,Viña Cobos
285,Austria,"This is a very aromatic wine that's rich, spicy and with just a touch of ripeness. It has spiced pear, lychee and honey notes all balanced by a wonderful fresh acidity. Drink now and until 2020. Screwcap.",Steiner Kögl Erste Lage,92,,Kremstal,"","",Roger Voss,@vossroger,Salomon-Undhof 2011 Steiner Kögl Erste Lage Riesling (Kremstal),Riesling,Salomon-Undhof
286,US,"While delicious now with flavors of raspberries, cherries, cola and oak, all showered with tart, citrusy acidity, this wine also has a great future. Give it 6–8 years to evolve in the bottle for further complexity.",Rincon Vineyard,92,60,California,Arroyo Grande Valley,Central Coast,"","",Talley 2011 Rincon Vineyard Pinot Noir (Arroyo Grande Valley),Pinot Noir,Talley
287,Spain,"This is the stud in the Acústic stable. A blend of 70% Carignan and 30% Garnacha, Braó is lively and bright on the nose, with ripe blackberry and cassis aromas. The palate is concentrated and juicy, with fine balance and bold flavors of blueberry, blackberry and coffee. A toasty, dark finish features chocolate, toast and minerality. Drink through 2019.",Braó Vinyes Velles,92,40,Catalonia,Montsant,"",Michael Schachner,@wineschach,Acústic 2010 Braó Vinyes Velles Carignan-Grenache (Montsant),Carignan-Grenache,Acústic
288,Austria,"While it feels rich and round, this is also a wine with a crisp side to it. Acidity cuts through ripe pear, apricot and lychee flavors, giving a decidedly crisp balance. It's a wine that is already ready to drink. Screwcap.",Kremser Gebling Erste Lage,92,,Kremstal,"","",Roger Voss,@vossroger,Josef Schmid 2011 Kremser Gebling Erste Lage Grüner Veltliner (Kremstal),Grüner Veltliner,Josef Schmid
289,US,"This 100% Cabernet Sauvignon is so rich and decadent, with milk chocolate, blackberry and new French oak flavors. Made by celebrity winemaker Philippe Melka, it's soft and approacheable on the palate and widely appealing. Your best bet is to drink up now.",Fortune Teller,92,125,California,Napa Valley,Napa,"","",Parallel 2010 Fortune Teller Cabernet Sauvignon (Napa Valley),Cabernet Sauvignon,Parallel
290,France,"This is a wine that has great potential—you can tell from the firm tannins, tight acidity and closed texture. Initially, black currant flavors are touched with dark, dusty notes, but they finish with more juicy character on the afterntaste. Drink from 2017.","",92,,Bordeaux,Saint-Estèphe,"",Roger Voss,@vossroger,Château Lafon-Rochet 2011  Saint-Estèphe,Bordeaux-style Red Blend,Château Lafon-Rochet
291,Italy,"This powerful Sagrantino opens with aromas of meat juice, truffle and black fruit. The palate offers blackberry, black cherry, cinnamon and black pepper, along with tobacco notes. It also has Sagrantino's trademark tannic backbone, but the tannins are ripe and are balanced by bright acidity.","",92,,Central Italy,Sagrantino di Montefalco,"",Kerin O’Keefe,@kerinokeefe,Dionigi 2006  Sagrantino di Montefalco,Sagrantino,Dionigi
292,France,"Rich almonds, ripe peaches and a smoky, oxidized character all come together in this ripe, complex, fascinating wine. There is a great tang of apple acidity on the finish. Drink now.",Vin Jaune,92,45,France Other,Arbois,"",Roger Voss,@vossroger,Domaine Daniel Dugois 2006 Vin Jaune Savagnin (Arbois),Savagnin,Domaine Daniel Dugois
293,Australia,"This wine displays ample concentration in its inky color and potent aromas of dark berry fruit. There's a hint of raisining as well. In the mouth, it's mouthfilling but lacks a bit of texture; the flavors include dark plums, vanilla and hints of dried fruits, like figs and dates. With a finish that calls to mind chocolate fudge (minus the sugar), opt for drinking this wine over the relatively near term, now to 2020.",Green's Vineyard,92,70,South Australia,Barossa Valley,"",Joe Czerwinski,@JoeCz,Kilikanoon 2009 Green's Vineyard Shiraz (Barossa Valley),Shiraz,Kilikanoon
294,Argentina,"Deep, lush aromas of black fruits, graphite and coconut are welcoming and friendly. The mouthfeel is pure and smooth, with elegance and power. Flavors of cassis, blackberry, hard spices and licorice filter into a long, mellow, classy finish. This is a pushy, full-bodied wine that doesn't throw punches; drink through 2020.",Synthesis,92,30,Mendoza Province,Tupungato,"",Michael Schachner,@wineschach,Finca Sophenia 2011 Synthesis Malbec (Tupungato),Malbec,Finca Sophenia
295,US,"This blend showcases the soft lusciousness and ripe fruit of Paso Robles. It's rich and sweet in jammy blackberries, cherries, chocolate and spicy sandalwood. Drink now.",Treana Red,87,35,California,Paso Robles,Central Coast,"","",Treana 2008 Treana Red Cabernet Sauvignon-Syrah (Paso Robles),Cabernet Sauvignon-Syrah,Treana
296,Chile,"Rooty and leafy on the nose, with red berry aromas peeking through some obvious oak. The palate offers cherry and raspberry flavors along with sweetness, and things are backed by vanilla and chocolate. Good, tasty and oaky, with proper layering.",Grey [Glacier] Single Block Trinidad Vineyard,87,20,Maipo Valley,"","",Michael Schachner,@wineschach,Ventisquero 2008 Grey [Glacier] Single Block Trinidad Vineyard Cabernet Sauvignon (Maipo Valley),Cabernet Sauvignon,Ventisquero
297,US,"This is a soft, gentle Cabernet for drinking now. It's pleasantly rich, offering blackberry, cherry, chocolate and cedar flavors, wrapped into easy tannins.","",87,15,California,Napa Valley,Napa,"","",Aquinas 2008 Cabernet Sauvignon (Napa Valley),Cabernet Sauvignon,Aquinas
298,Chile,"Foresty and dark on the bouquet, with aromas of licorice, prune, forest and foxiness. The palate is full and tannic, while flavors run sweet, creamy and slightly syrupy, with chocolate and spiced fig notes. Finishes rich and rough, with dry herbs and true Chilean Cab flavors of olive and oregano.","",87,19,Aconcagua Valley,"","",Michael Schachner,@wineschach,Arboleda 2009 Cabernet Sauvignon (Aconcagua Valley),Cabernet Sauvignon,Arboleda
299,Italy,"Pinay is a tight and defined red blend from northern Italy with bright accents of cherry cola, forest berry, licorice and dark mineral. There's a sharp, sour note on the close that would pair with smoked cheese.",Pinay,87,,Piedmont,Langhe,"","","",Attilio Ghisolfi 2007 Pinay Red (Langhe),Red Blend,Attilio Ghisolfi
300,US,"Soft, light in body and easy to drink, this Sangiovese, from the Napa estate vineyard, is delicious in raspberry, red currant, licorice, bacon and spice flavors. It's somewhat ephemeral, an instantly pleasant wine to drink especially with cured meats, olives, hard cheeses.",Estate,87,28,California,Napa Valley,Napa,"","",Benessere 2007 Estate Sangiovese (Napa Valley),Sangiovese,Benessere
301,US,"A good, clean, tart and lightly spicy all-stainless style. Cool climate fruit puts the accent on lime and lemon flavors, keeps the alcohol low (13.3%), and makes this a fine match to shellfish, white fish and light pasta dishes.",Whiteline No Oak,87,14,Washington,Columbia Valley (WA),Columbia Valley,Paul Gregutt,@paulgwine ,Buried Cane 2009 Whiteline No Oak Chardonnay (Columbia Valley (WA)),Chardonnay,Buried Cane
302,Italy,"This fresh Nebbiolo-based Roero from Cantina dei Nebbiolo offers pretty intensity with aromas of tar, licorice and a touch of sweet cherry liqueur. There isn't much pulp or meat here but the finish is both crisp and tart.","",87,,Piedmont,Roero,"","","",Cantina del Nebbiolo 2008  Roero,Nebbiolo,Cantina del Nebbiolo
303,Italy,"Slightly disjointed at first, this Barolo with fruit sourced from four vineyard sites, needs a few minutes to open in the glass. The wine offers tertiary aromas of cured beef, smoked bacon and white mushroom. Drink now.",4 Vigne,87,56,Piedmont,Barolo,"","","",Cascina Adelaide 2005 4 Vigne  (Barolo),Nebbiolo,Cascina Adelaide
304,Italy,This aged expression from the Nizza subzone of Asti offers tertiary aromas of dried tobacco and dried prune. The variety's characteristic acidity kicks in on the finish.,Vignassa,87,,Piedmont,Barbera d'Asti Superiore Nizza,"","","",Cascina La Ghersa 2004 Vignassa  (Barbera d'Asti Superiore Nizza),Barbera,Cascina La Ghersa
305,US,"Muted at first, this wine opens up nicely with time. Sweet, ripe and easy on the finish, its core is full of black pepper and clove. The grapes are sourced from several distinctive vineyards in Mendocino County. Drink it with a steak.","",87,24,California,Mendocino County,"",Virginie Boone,@vboone,Claudia Springs 2007 Zinfandel (Mendocino County),Zinfandel,Claudia Springs
306,Romania,"Fragrant on the nose with fresh orange, lemon and honeysuckle aromas, this full-bodied Chard is deliciously quaffable with a concentrated apple palate and just a hint of buttered toast. Another well-made Romanian at an unbeatable bargain price.","",87,7,Recas,"","",Anna Lee C. Iijima,"",Cramele Recas 2009 Chardonnay (Recas),Chardonnay,Cramele Recas
307,France,"Rich and full in the mouth, packed with red fruits and black cherries. The wine is sweet, while keeping a tannic core. Drink next year.",Les Dames Huguettes,87,30,Burgundy,Côte de Nuits-Villages,"",Roger Voss,@vossroger,Domaine Bertagna 2009 Les Dames Huguettes  (Côte de Nuits-Villages),Pinot Noir,Domaine Bertagna
308,Greece,"This fuller-bodied white blend offers pineapple, kiwi and citrus on the nose, and a blend of full fruit and acidity on the palate. A balanced, easygoing white that is perfect for everyday poultry, vegetable and fish meals.",Asirtiko Athiri,87,18,Santorini,"","",Susan Kostrzewa,@suskostrzewa,Domaine Sigalas 2010 Asirtiko Athiri White (Santorini),White Blend,Domaine Sigalas
309,Italy,Here's a fun and slightly less formal expression of Nebbiolo (especially when compared to the great wines of Barbaresco and Barolo) that offers tight fruit nuances of white cherry and forest berry backed by light shadings of spice and smoke.,"",87,20,Piedmont,Langhe,"","","",Socré 2006 Nebbiolo (Langhe),Nebbiolo,Socré
310,Italy,"Aged 12 months in large oak casks, this bright Nebbiolo offers pretty aromas of small berry, tar, licorice and cigar smoke backed by tight intensity and structure. Pair this powerful wine with braised quail or pork tenderloin.","",87,18,Piedmont,Langhe,"","","",Boffa 2006 Nebbiolo (Langhe),Nebbiolo,Boffa
311,New Zealand,"This wine is light in color, but still packs a mouthful of flavor. It's peppery and meaty upfront, filled out on the midpalate by tart fruit that verges on cranberry in flavor. Pretty rather than potent; drink now-2014.","",87,18,Hawke's Bay,"","",Joe Czerwinski,@JoeCz,Otto's Constant Dream 2008 Syrah (Hawke's Bay),Syrah,Otto's Constant Dream
312,US,"A good wine to drink now for its sweet, ripe berry and mocha flavors and smoky coat of oak. It has smooth tannins and a spicy finish. Give it a good decant to let it breathe for a few hours.","",87,40,California,Napa Valley,Napa,"","",Mount Veeder 2008 Cabernet Sauvignon (Napa Valley),Cabernet Sauvignon,Mount Veeder
313,Italy,"Roero Rabino is accented by sweet touches of cinnamon and nutmeg that are offset by cassis, dried blueberry, leather and tobacco. This sturdy red wine presents a very nice ensemble that is capped by a tight, astringent close.","",87,,Piedmont,Roero,"","","",Rabino 2008  Roero,Nebbiolo,Rabino
314,US,"With rich, sweet blackberry and cocoa flavors, this is a very nice Cabernet for drinking with a good meal. It's a little rough around the edges, with jaggy tannins. Ready now.","",87,28,California,Napa Valley,Napa,"","",Robert Mondavi 2008 Cabernet Sauvignon (Napa Valley),Cabernet Sauvignon,Robert Mondavi
315,Italy,"Honey, almond blossom and citrus zest are followed by creamy foam and tonic acidity. This is an easygoing Prosecco that offers a light and compact structure and bright flavors of lime and green fruit.",Extra Dry,86,15,Veneto,Prosecco di Valdobbiadene,"","","",Bellussi NV Extra Dry  (Prosecco di Valdobbiadene),Prosecco,Bellussi
316,France,"An intriguing blend of Sauvignon Blanc and Muscadelle, which highlights the herbaceous Sauvignon character and a more perfumed Muscadelle. The two give a fresh, citrus- and pineapple-flavored wine, lively, to be enjoyed young.",Les Amants Mont-Pérat,86,,Bordeaux,Bordeaux Blanc,"",Roger Voss,@vossroger,Château Mont-Pérat 2008 Les Amants Mont-Pérat  (Bordeaux Blanc),Bordeaux-style White Blend,Château Mont-Pérat
317,France,"Soft, ripe, dominated by peaches, pears and a rounded, toasty character. The spice is dominant, giving the wine an exotic edge. The more rounded style gives concentration as well as a fine, finishing velvet texture.","",86,,Bordeaux,Bordeaux Blanc,"",Roger Voss,@vossroger,Château Tour de Mirambeau 2006  Bordeaux Blanc,Bordeaux-style White Blend,Château Tour de Mirambeau
318,Chile,"Fiery and wild at first, with aromas of cinnamon, pepper and Juicy Fruit gum. Strange as that may sound, the wine finds a more familiar place on the palate, where plum, cherry and cassis flavors are flashy and the feel is a bit clangy. Rounds out with air and settles down fairly nicely.",Reserva,86,18,Curicó Valley,"","",Michael Schachner,@wineschach,Aresti 2007 Reserva Merlot (Curicó Valley),Merlot,Aresti
319,Italy,"Paladin produces a luminous and fresh Prosecco from the northeast of Italy with tonic aromas of peach, white stone and citrus fruit. It's an easy-drinking wine that would wash down well with appetizers and informal finger foods.",Millesimato Brut,86,20,Veneto,Veneto,"","","",Paladin 2007 Millesimato Brut Prosecco (Veneto),Prosecco,Paladin
320,Italy,Soapy aromas of bee's wax and lavender open the nose of this luminous sparkler and are followed by dried flowers and hay. There are peach-like flavors with aftertastes of green melon and lime. Grapes are grown organically and according to biodynamic principles.,Col di Manza Extra Dry Millesimato,86,22,Veneto,Prosecco di Valdobbiadene,"","","",Perlage 2008 Col di Manza Extra Dry Millesimato  (Prosecco di Valdobbiadene),Prosecco,Perlage
321,Italy,This Brut interpretation of Prosecco (“Brut” means it tastes dry in the mouth) offers tangy fizz and soda-like intensity backed by subdued aromas of white mineral and stone fruit. Pair it with puff pastry appetizers.,Brut,86,16,Veneto,Prosecco di Valdobbiadene,"","","",Sant Eurosia 2007 Brut  (Prosecco di Valdobbiadene),Prosecco,Sant Eurosia
322,Italy,"This is a “dry” vintage Prosecco with a hint of sweetness in the mouth that is surrounded by fragrant flavors of peach, kiwi and green melon. This luminous sparkler tastes firm and tonic and makes for an informal afternoon sipper.",Millesimato Dry,86,18,Veneto,Prosecco di Valdobbiadene,"","","",Sant Eurosia 2007 Millesimato Dry  (Prosecco di Valdobbiadene),Prosecco,Sant Eurosia
323,Chile,"Mildly minty and woody on the nose, with grass, wintergreen and cheese aromas as well as red fruit. The palate is tight and grabby, with a blast of citric acid that gives the plum and raspberry flavors a tart, decidedly “red” personality. Snappy and crisp on the finish, making it a fresh, lean style of Cabernet.",Gran Araucano,86,35,Colchagua Valley,"","",Michael Schachner,@wineschach,J. & F. Lurton 2006 Gran Araucano Cabernet Sauvignon (Colchagua Valley),Cabernet Sauvignon,J. & F. Lurton
324,Italy,The wine's golden hue tells you this is Prosecco from a warmer climate (Conegliano is a few degrees warmer than Valdobbiadene) as do its aromas of mature peach and honeysuckle. The wine tastes flat and big in the mouth and offers sophisticated notes of white pepper and spice.,Matiú Brut,86,12,Veneto,Prosecco di Conegliano,"","","",L'Antica Quercia 2007 Matiú Brut  (Prosecco di Conegliano),Prosecco,L'Antica Quercia
325,US,"This white has a light, delicate nose of citrus and apricot. On the palate it's smooth and balanced with lush apricot and spice flavors. A touch of acidity gives the wine lift. A lingering finish adds to its poise. Pair with a creamy cheese or sip alone.","",86,11,New York,Finger Lakes,Finger Lakes,Susan Kostrzewa,@suskostrzewa,Lucas Vineyards 2007 Vignoles (Finger Lakes),Vignoles,Lucas Vineyards
326,Italy,Drying mineral tones face off with luscious peach flavors to create a well-balanced Extra Dry Prosecco sparkler. The bubbly offers cheerful foaming in the mouth and sweet fruit flavors on the close.,Extra Dry,86,15,Veneto,Prosecco di Valdobbiadene,"","","",Marsuret NV Extra Dry  (Prosecco di Valdobbiadene),Prosecco,Marsuret
327,Chile,"Opening aromas of vanilla cookie show a resemblance to Animal Crackers, while the palate is more vivacious and tangy, with flavors of orange, tangerine and apple. We wouldn't call this an elegant or refined wine, but we like its no-issues attitude and citrusy content. Probably good with salads and seafood.",Legado Reserva,86,18,Limarí Valley,"","",Michael Schachner,@wineschach,De Martino 2007 Legado Reserva Chardonnay (Limarí Valley),Chardonnay,De Martino
328,US,"This New World blend of Sauvignon Blanc, Sémillon, Chardonnay and Viognier is very fruity. It offers a blast of pineapples, honeysuckles, peaches and figs, with a coating of oaky, vanilla buttercream.",Alluvium Blanc,86,16,California,Knights Valley,Sonoma,"","",Beringer 2007 Alluvium Blanc White (Knights Valley),White Blend,Beringer
329,US,"With a fruity-sugary finish, this Zin will appeal to folks who like their red wines a little on the sweet side. It has pleasantly ripe flavors of black cherries, raspberries, red currants, root beer, mocha and pepper.",Reserve,86,34,California,Mendocino,"","","",Brutocao 2006 Reserve Zinfandel (Mendocino),Zinfandel,Brutocao
330,US,"This Rhône-style blend is a little rustic and sharp in tannins and acids. It shows a polished core of jammy blackberries, cherries and spices, and could develop in a year or two.",Lila's Cuvée,86,40,California,Central Coast,Central Coast,"","",Clos La Chance 2006 Lila's Cuvée Red (Central Coast),Red Blend,Clos La Chance
331,Chile,"Frosted aromas of orange creamsicle, lychee and melon give this an elevated, unique sort of bouquet. Among Chilean Gewürztraminers, this is one of the more expressive ones you'll find. Pineapple, mango and other tropical flavors are pleasant, while the feel is forward and fun. Drink this summer with fish and salads.",Visión,86,15,Casablanca Valley,"","",Michael Schachner,@wineschach,Cono Sur 2008 Visión Gewürztraminer (Casablanca Valley),Gewürztraminer,Cono Sur
332,Italy,"This Prosecco Brut from the slightly warmer Conegliano subzone is a perfect example of its kind. The luminous sparkler offers drying mineral tones that are embellished by pretty notes of white rose, honey, stone fruit and citrus. The mouthfeel is lean, smooth and fresh.",Palazzo Rosso Brut,86,19,Veneto,Prosecco di Conegliano,"","","",Sommariva NV Palazzo Rosso Brut  (Prosecco di Conegliano),Prosecco,Sommariva
333,Italy,This crisp sparkler is characterized by drying mineral tones and delicate aromas of stone fruit and citrus. The wine is foamy and slightly sweet in the mouth and does an excellent job of representing this category of Italian wine.,Col del Sas Extra Dry,86,18,Veneto,Prosecco di Valdobbiadene,"","","",Spagnol NV Col del Sas Extra Dry  (Prosecco di Valdobbiadene),Prosecco,Spagnol
334,France,"A ripe, fruity wine that takes its raspberry flavor from the color. The wine has softness, a creamy character that rounds out any acidity, leaving a smooth, fruity finish.",Mosaïque Rosé Brut,86,42,Champagne,Champagne,"",Roger Voss,@vossroger,Jacquart NV Mosaïque Rosé Brut  (Champagne),Champagne Blend,Jacquart
335,Italy,"There's a unique note here of mature fruit, chopped basil or peppermint with a hint of spice or chopped white peppercorn. The bubbling seems less frothy and the wine has a flat, big feel in the mouth. Grapes were farmed organically and the wine is from the 2007 vintage, which may explain its distinctive style.",Arió Extra Dry,86,15,Veneto,Prosecco di Conegliano,"","","",L'Antica Quercia 2007 Arió Extra Dry  (Prosecco di Conegliano),Prosecco,L'Antica Quercia
336,Chile,"Gritty, heavily roasted aromas of peanuts and herbal berry fruits lead to a scratchy, tannic palate. This tastes of burnt oak, raw plum and currant, while the finish tastes briny and harsh. The 2012 version of this wine was much better. This is rough from front to back.",Costa,83,35,Colchagua Costa,"","",Michael Schachner,@wineschach,Koyle 2015 Costa Pinot Noir (Colchagua Costa),Pinot Noir,Koyle
337,France,"An easy and inviting selection, there's a mentholated streak to the soft red currant and cherry core of this wine. Light and breezy on the palate, it offers thin, quickly dissipating flavors and a fleeting finish.","",83,16,Languedoc-Roussillon,Languedoc,"",Lauren Buzzeo,@laurbuzz,Château Notre Dame du Quatourze 2015 Rosé (Languedoc),Rosé,Château Notre Dame du Quatourze
338,France,The wine is earthy and somewhat rustic. There is fruit but it is spoiled by a spicy pepper edge. Chill this drastically.,"",82,11,Provence,Coteaux Varois en Provence,"",Roger Voss,@vossroger,Mémoires 2015 Rosé (Coteaux Varois en Provence),Rosé,Mémoires
339,Spain,"Red in color, with berry and apple aromas, this is sweet, with a heavy body and light effervescence.",1887 Rosado,82,13,Catalonia,Cava,"",Michael Schachner,@wineschach,Cavas Hill NV 1887 Rosado Sparkling (Cava),Sparkling Blend,Cavas Hill
340,France,"The nose is muted, despite the slight spritz of the wine, while the palate is equally toned down. It's a rounded if not very expressive white wine.",Tradition,82,18,Alsace,Alsace,"",Anne Krebiehl MW,@AnneInVino,Antoine Moltès & Fils 2015 Tradition Pinot Gris (Alsace),Pinot Gris,Antoine Moltès & Fils
341,US,"Plummy and hinting at black cherry, this wine is otherwise soft and simple, with a distracting, full-throttled descent into raisin cake and prune.",Serracino Reserve,82,48,California,Dry Creek Valley,Sonoma,Virginie Boone,@vboone,Pezzi King 2013 Serracino Reserve Zinfandel (Dry Creek Valley),Zinfandel,Pezzi King
342,Spain,"Funky, yeasty aromas of cinnamon, spent lees and bread yeast dominate the nose. This feels foamy, with lightly vegetal flavors of apple that finish briny.","",82,11,Catalonia,Cava,"",Michael Schachner,@wineschach,Bellisco NV Sparkling (Cava),Sparkling Blend,Bellisco
343,Chile,"Jumpy on the nose at first, but then green tea and grassy aromas take over. This PN is what it is: it tastes grassy, leafy and like green beans. Vegetal notes carry over to the finish.",Grand Reserve,81,20,Rapel Valley,"","",Michael Schachner,@wineschach,Pura 8 2010 Grand Reserve Pinot Noir (Rapel Valley),Pinot Noir,Pura 8
344,Chile,"Aromas of pumpkin, squash and corn chips are stale and not inviting. There's an acceptable mouthfeel to this weird, unbalanced Chardonnay along with flavors of spiced squash, mealy apple and sautéed root vegetables.",Gran Reserva,80,19,Leyda Valley,"","",Michael Schachner,@wineschach,Viña Tarapacá 2015 Gran Reserva Chardonnay (Leyda Valley),Chardonnay,Viña Tarapacá
345,Australia,"This wine contains some material over 100 years old, but shows no signs of fragility. Instead, it's concentrated through age and should hold in the bottle indefinitely. It's dark coffee-brown in color, with delectable aromas of rancio, dried fig, molasses and black tea, yet despite enormous concentration avoids excessive weight. And it's amazingly complex and fresh on the nearly endless finish.",Rare,100,350,Victoria,Rutherglen,"",Joe Czerwinski,@JoeCz,Chambers Rosewood Vineyards NV Rare Muscat (Rutherglen),Muscat,Chambers Rosewood Vineyards
346,Australia,"This deep brown wine smells like a damp, mossy cave. Then add complex rancio notes, plus maple syrup and molasses. It's full, round and harmonious, wonderfully rich yet without any sense of heaviness and long and bright on the finish.",Rare,98,350,Victoria,Rutherglen,"",Joe Czerwinski,@JoeCz,Chambers Rosewood Vineyards NV Rare Muscadelle (Rutherglen),Muscadelle,Chambers Rosewood Vineyards
347,Germany,"Dusty, saffron-spiced earthiness is juxtaposed against intense mango and tangerine fruitiness in this deeply complex wine. It's unctuously sweet, but balanced by a piercing streak of acidity that penetrates through the midpalate. Spry and silken, it finishes on a long lingering whisper of honey and peach.",Kiedrich Gräfenberg Trockenbeerenauslese,97,775,Rheingau,"","",Anna Lee C. Iijima,"",Robert Weil 2014 Kiedrich Gräfenberg Trockenbeerenauslese Riesling (Rheingau),Riesling,Robert Weil
348,Australia,"Deep mahogany. Dried fig and black tea on the nose, then concentrated mocha and molasses flavors, enlivened by candied orange zest. Full, rich and sweet, but surprisingly drinkable, with terrific intensity and length.",Grand,97,100,Victoria,Rutherglen,"",Joe Czerwinski,@JoeCz,Chambers Rosewood Vineyards NV Grand Muscat (Rutherglen),Muscat,Chambers Rosewood Vineyards
349,Australia,"RunRig is always complex, and the 2012 doesn't disappoint in that regard, mixing bacony-meaty notes with hints of black olives and ripe plums. The tannins are supremely supple, but the acids are crisp, resulting in a long, mouthwatering finish. Drink now–2030.",RunRig,97,225,South Australia,Barossa,"",Joe Czerwinski,@JoeCz,Torbreck 2012 RunRig Shiraz-Viognier (Barossa),Shiraz-Viognier,Torbreck
350,Italy,"After a few minutes in the glass, this stunning wine opens up to reveal classic Nebbiolo aromas of leather, tilled soil, underbrush, fragrant blue flower and ripe berry. The juicy concentrated palate dishes out layers of succulent black cherry, crushed raspberry, anise and pipe tobacco framed in firm, velvety tannins. Drink 2022–2035.",Vignolo Riserva,97,150,Piedmont,Barolo,"",Kerin O’Keefe,@kerinokeefe,Cavallotto 2010 Vignolo Riserva  (Barolo),Nebbiolo,Cavallotto
351,Hungary,"This amber-colored Hungarian stunner has ethereal aromas of raw honey, beeswax, freshly baked tarte Tatin, canned apricot and fresh pear. It is silky smooth and creamy in the mouth with pronounced flavors of clover honey, pear tart and baked sweet apples. The acidity is perfectly balanced so you can appreciate its velvety richness without feeling that the sweetness is too cloying.",Eszencia,96,320,Tokaji,"","",Jeff Jenssen,@worldwineguys,Oremus 2005 Eszencia  (Tokaji),Furmint,Oremus
352,US,"Citrus-kissed saltiness lies at the core of this incredibly delicious, deliriously crafted wine, from the great grape grower in the heart of the Russian River Valley. Beautifully crisp, it lingers in stony minerality and a freshness of apricot, memorable from first sip to last.",South River,96,68,California,Russian River Valley,Sonoma,Virginie Boone,@vboone,Rochioli 2014 South River Chardonnay (Russian River Valley),Chardonnay,Rochioli
353,France,"This beautiful, rich wine has yellow fruits and is concentrated, tightly textured and conveys a ripe character. The touches of wood are just right, adding spice to the opulent fruitiness. A mineral texture gives some tightness to the aftertaste. Drink from 2024.",Le Montrachet,96,630,Burgundy,Montrachet,"",Roger Voss,@vossroger,Louis Latour 2014 Le Montrachet  (Montrachet),Chardonnay,Louis Latour
354,Germany,"Whiffs of white mushroom, saffron and caramel lend complexity to this concentrated elixir of apricots and orange peels. It's honeyed and sweet but vivaciously balanced, glazing the palate in ethereal textures of gossamer and tulle. The caramel finish lingers endlessly.",Kiedrich Gräfenberg Beerenauslese,96,365,Rheingau,"","",Anna Lee C. Iijima,"",Robert Weil 2014 Kiedrich Gräfenberg Beerenauslese Riesling (Rheingau),Riesling,Robert Weil
355,US,"A waft of smoky char and toasty oak provide a rich foundation and compelling entry into this one-acre vineyard-designate from the historic grower, before unleashing, slowly, a torrent of melon and fresh-cut apple with a length of intriguing nutmeg and cardamom. Medium-bodied and lush, it will remain on your palate memory a long time.",Sweetwater,96,68,California,Russian River Valley,Sonoma,Virginie Boone,@vboone,Rochioli 2014 Sweetwater Chardonnay (Russian River Valley),Chardonnay,Rochioli
356,Australia,"Dusty, firm, powerful: just a few apt descriptors for this vintage of one of Heathcote's top wines. Mocha, licorice and blackberries feature on the nose, while the palate delivers more of the same—dark fruit, chocolate and plenty of spice. Best after 2020.",Georgia's Paddock,95,85,Victoria,Heathcote,"",Joe Czerwinski,@JoeCz,Jasper Hill 2013 Georgia's Paddock Shiraz (Heathcote),Shiraz,Jasper Hill
357,France,"Produced from vines more than 100 years old in the heart of the Clos de Vougeot vineyard, this is an impressive wine with a long future. The wood aging is already surrounded by ripe, intense black fruits. A fresher character comes from the bright acidity of the vintage, giving the wine a lift. The aftertaste is long and concentrated. Drink from 2024.",Vieilles Vignes,95,350,Burgundy,Clos de Vougeot,"",Roger Voss,@vossroger,Château de la Tour 2013 Vieilles Vignes  (Clos de Vougeot),Pinot Noir,Château de la Tour
358,Germany,"Intensely fragrant, this honey-sweet auslese wafts of ripe yellow peaches and caramelized sugar. Tropical mango, pineapple and melon collide on the palate before falling neatly in line against a strike of high-toned acidity. The finish is luxuriously long, peppered by a faint dusting of saffron. It's a stunner already but should shine brightly for decades to come.",Hattenheimer Hassel Auslese,95,66,Rheingau,"","",Anna Lee C. Iijima,"",Weingut Hans Bausch 2011 Hattenheimer Hassel Auslese Riesling (Rheingau),Riesling,Weingut Hans Bausch
359,France,"Up the slope above the Grand Cru of Le Montrachet, this vineyard once grew hemp (hence the name, cheneve). This poised wine is both stylish and rich, with good acidity allied to ripe apple and citrus fruits, cut through the mineral texture and promise a generous wine as it ages. Drink from 2020.",Les Chenevottes Premier Cru,95,110,Burgundy,Chassagne-Montrachet,"",Roger Voss,@vossroger,Philippe Colin 2014 Les Chenevottes Premier Cru  (Chassagne-Montrachet),Chardonnay,Philippe Colin
360,Australia,"Bacon and tapenade elements merge easily on the nose, followed by a wine that's full bodied and creamy textured on the palate. This is dark and meaty in profile, yet not heavy or cooked, with a long, harmonious finish. Drink now–2030.",Descendant,95,125,South Australia,Barossa Valley,"",Joe Czerwinski,@JoeCz,Torbreck 2012 Descendant Shiraz-Viognier (Barossa Valley),Shiraz-Viognier,Torbreck
361,Italy,"Enticing scents of ripe berry, underbrush, grilled herb and eucalyptus mingle together along with an underlying fragrance of rose petal. Elegant and fresh, the impeccably balanced palate delivers tart red cherry, cake spice, white pepper and mineral nuances alongside polished tannins. Drink 2018–2028.",Simposio,95,60,Piedmont,Barolo,"",Kerin O’Keefe,@kerinokeefe,Bel Colle 2012 Simposio  (Barolo),Nebbiolo,Bel Colle
362,US,"As impressive as the woman—a pioneer in the Napa Valley—was herself, this 100% varietal wine from the estate property high atop Diamond Mountain is powerfully elegant, intense yet refined. It begins with a high-toned, graceful entry that's rich in blueberry and chocolate, the oak smooth and integrated, with a suggestion of hand-rolled tobacco. Drink now through 2022.",Jamie,95,200,California,Diamond Mountain District,Napa,Virginie Boone,@vboone,J. Davies 2012 Jamie Cabernet Sauvignon (Diamond Mountain District),Cabernet Sauvignon,J. Davies
363,France,"This is an opulent wine from one of the fabled series of white Grand Crus. Along with generous yellow fruits and ripe citrus, it has weight and gravitas. Spice from the wood fills things out even more, giving the wine its balance, its intensity and its future. Drink from 2022.","",95,380,Burgundy,Criots-Bâtard-Montrachet,"",Roger Voss,@vossroger,Louis Latour 2014  Criots-Bâtard-Montrachet,Chardonnay,Louis Latour
364,US,"For 2014, the Weber is the star of a very fine Winderlea lineup. Dark and deeply concentrated, it's jammed with black cherry fruit, annotated with anise and showing a hint of gunmetal. The tannins are ripe and taste of clean earth. This is a fine candidate for aging. Drink now through 2030.",Weber Vineyard,95,48,Oregon,Dundee Hills,Willamette Valley,Paul Gregutt,@paulgwine ,Winderlea 2014 Weber Vineyard Pinot Noir (Dundee Hills),Pinot Noir,Winderlea
365,Australia,"The Taylor family selected Clare Valley for its Cabernet affinity, but this Shiraz is a knockout. Yes, it's oaky—full of menthol, vanilla and toasted coconut—but there's just enough black cherry and plum fruit to support the wood. It's a plush, full-bodied wine with immense appeal, for drinking now–2025.",St. Andrews Single Vineyard Release,95,60,South Australia,Clare Valley,"",Joe Czerwinski,@JoeCz,Wakefield 2013 St. Andrews Single Vineyard Release Shiraz (Clare Valley),Shiraz,Wakefield
366,Italy,"This spends 12 months in oak and it shows: It offers aromas of liquid smoke and flavors of brown sugar, honey and caramel. The fruit is subdued, leaving the emphasis on the oak and mineral components. Try with rich but delicately flavored fish dishes or mild chèvres.",Vorberg,88,21,Northeastern Italy,Alto Adige,"",Joe Czerwinski,@JoeCz,Cantina Terlano 2000 Vorberg Pinot Bianco (Alto Adige),Pinot Bianco,Cantina Terlano
367,Chile,"Aromas of mint, berry syrup and dense, lemony oak lay a good foundation for the heavy black fruit that comes on the palate atop a plush carpet of toasty, fresh-grained wood. The finish is round, tasty and mouthfilling, while overall the wine seems to dance due to popping acidity. This is Carmenère with a vital streak.",Reserva de la Familia,88,10,Maipo Valley,"","",Michael Schachner,@wineschach,De Martino 1999 Reserva de la Familia Carmenère (Maipo Valley),Carmenère,De Martino
368,Italy,"A plump, juicy mouthful of citrusy fruit, worth trying with grilled or broiled seafood. The zesty lime aromas broaden out on the palate to include orange and tangerine flavors, making it tart but not too tart. Best Buy.","",88,11,Veneto,Bianco di Custoza,"",Joe Czerwinski,@JoeCz,Montresor 2001  Bianco di Custoza,Garganega,Montresor
369,Italy,"This medium-weight wine flows effortlessly from start to finish, blending aromas of smoke and nuts with a citrusy core. Picks up savory nutty, cheesy notes (like a good Gruyère) on the long finish.","",88,21,Northeastern Italy,Friuli,"",Joe Czerwinski,@JoeCz,Ronco del Gelso 1999 Chardonnay (Friuli),Chardonnay,Ronco del Gelso
370,US,"Mint again, with earth and tobacco; one taster found traces of bell pepper. Coffee and brown sugar further soften a supple, mature mouthfeel. Drink now.",Cherryblock Vineyard,88,160,California,Sonoma Valley,Sonoma,"","",Sebastiani 1991 Cherryblock Vineyard Cabernet Sauvignon (Sonoma Valley),Cabernet Sauvignon,Sebastiani
371,Italy,"Fragrant, aromatic, grassy aromas give way to fresh, crisp, green fruit and gooseberry flavors. Finishes lively and vibrant.",Castel Ringberg,88,23,Northeastern Italy,Alto Adige,"",Roger Voss,@vossroger,Elena Walch 2002 Castel Ringberg Sauvignon Blanc (Alto Adige),Sauvignon Blanc,Elena Walch
372,Italy,"A fresh, crisp style of Soave, brimming with green plum and light acidity. It has concentration and a light touch in equal measure.",Classico,88,10,Veneto,Soave,"",Roger Voss,@vossroger,Gini 2002 Classico  (Soave),White Blend,Gini
373,Italy,"Crisp, green, grassy wine with fresh acidity and herbeceous character. It is very New World with its tropical flavors and open, forward fruit.",I Fiori del Borgo,88,15,Northeastern Italy,Collio,"",Roger Voss,@vossroger,Borgo Conventi 2002 I Fiori del Borgo Sauvignon Blanc (Collio),Sauvignon Blanc,Borgo Conventi
374,US,"An irresistibly drinkable white wine, filled with the juiciest flavors of citrus fruits, fig, melon and peach, and just the tiniest bit sweet. Crisp acidity cleanses the palate and leaves it feeling minty fresh on the long, spicy finish.",Kathleen's Vineyard,88,19,California,Mendocino County,"","","",Ceago Vinegarden 2001 Kathleen's Vineyard Sauvignon Blanc (Mendocino County),Sauvignon Blanc,Ceago Vinegarden
375,Italy,"A soft, ripe wine that manages to showcase tobacco, earth and black cherry flavors in a relatively lightweight format, finishing long and tart.",Vino in Musica,88,40,Tuscany,Toscana,"","","",Valiano 1997 Vino in Musica Sangiovese (Toscana),Sangiovese,Valiano
376,Italy,"A well-judged, well-structured wine that balances fresh, crisp and light fruit against flavors of peaches, almonds and cinnamon. It will be better in two or three years' time.",Zuc de Volpe,88,18,Northeastern Italy,Colli Orientali del Friuli,"",Roger Voss,@vossroger,Volpe Pasini 2002 Zuc de Volpe Pinot Grigio (Colli Orientali del Friuli),Pinot Grigio,Volpe Pasini
377,Greece,"A fresh, tangy, vibrant wine that has ripe green plum and apple flavors alongside a layer of full, forward fruit.",Vigneto Massoni,88,,Naoussa,"","",Roger Voss,@vossroger,Zenato 2001 Vigneto Massoni White (Naoussa),White Blend,Zenato
378,Mexico,"The color is appropriately light, the aromas appropriately floral and rose-like. Fleshy cherry flavors are balanced by a helping of greens and flowers. Light and elegant. Who would've thought Nebbiolo like this could come from Mexico?",Private Reserve,88,18,Valle de Guadalupe,"","","","",L.A. Cetto 1996 Private Reserve Nebbiolo (Valle de Guadalupe),Nebbiolo,L.A. Cetto
379,Italy,"This blend of Chardonnay, Nosiola and Pinot Bianco offers up apples and cream on the nose, along with flavors of peach and citrus. It's a comfortable mix of fruit that finishes lively and fresh, making it a fine apéritif.",Bianco dei Sorni,88,15,Northeastern Italy,Trentino,"",Joe Czerwinski,@JoeCz,La Vis 2001 Bianco dei Sorni White (Trentino),White Blend,La Vis
380,Chile,"At first this is aggressive, with an aromatic note of wet dog along with blueberries. But soon it finds its legs and opens to display chocolate, espresso and a big batch of black plum and blackberry. The finish has full tannins and some coffee-like flavor. Currently it's wall-to-wall big, but it should settle down in no time and become a good red to drink on any occasion.",Estate Bottled,88,12,Rapel Valley,"","",Michael Schachner,@wineschach,Lapostolle 2002 Estate Bottled Merlot (Rapel Valley),Merlot,Lapostolle
381,Italy,It's testament to this wine's balance that it remains so alive and fresh long after many other Biancos have faded. Intensely mineral aromas mix with notes of smoke and fresh apples; the flavors are earthy and hint at mineral oil. Long on the finish. Best Buy.,Vigne Alte,88,11,Veneto,Bianco di Custoza,"",Joe Czerwinski,@JoeCz,Fratelli Zeni 2000 Vigne Alte  (Bianco di Custoza),White Blend,Fratelli Zeni
382,Chile,"With its herbal, traditional aromas, this New World Cabernet could impersonate and Old World model. The palate is tight and firm, with lively tannins and bracing acids. The flavors run toward plum and chocolate, and there's a bitter hint on the back palate. The finish is plummy and dark.",Estate Grown Reserve,88,15,Maipo Valley,"","",Michael Schachner,@wineschach,Carmen 2000 Estate Grown Reserve Cabernet Sauvignon (Maipo Valley),Cabernet Sauvignon,Carmen
383,Italy,"This lovely Chardonnay has just the right blend of juicy peaches and subtle herbs and flowers to make it easy to drink, yet interesting enough to hold your attention. Finishes long and mouthwatering.",Vigneto Santa Cecilia,88,9,Veneto,Valdadige,"",Joe Czerwinski,@JoeCz,Tommasi 2001 Vigneto Santa Cecilia Chardonnay (Valdadige),Chardonnay,Tommasi
384,Italy,"Aromas of roses, pepper and spices make this an enticing wine. On the palate, it is ripe, soft, full-bodied and rich, lacking acidity, but otherwise classic Gewürztraminer.",Sanct Valentin,88,30,Northeastern Italy,Alto Adige,"",Roger Voss,@vossroger,San Michele Eppan 2002 Sanct Valentin Gewürztraminer (Alto Adige),Gewürztraminer,San Michele Eppan
385,US,"Richly textured, viscous but with good acidty for balance. The wine shows pretty melon, citrus, herb, grass, peach and spice flavors and features a mineral edge that is fresh and clean at the end.","",88,18,California,Rutherford,Napa,"","",Vinoce 2001 Sauvignon Blanc (Rutherford),Sauvignon Blanc,Vinoce
386,US,"A first-rate wine, with well-ripened flavors of blackberries, espresso, cola, tea, and bitter chocolate, but made more interesting by fresh acidity not often seen in today's better Merlots. This cool-climate wine also has sturdy tannins that suggest mid-term aging.",Windacre Vineyard,88,34,California,Russian River Valley,Sonoma,"","",Merriam 2000 Windacre Vineyard Merlot (Russian River Valley),Merlot,Merriam
387,US,"A great and versatile food wine. Its polished flavors of lime, fig and apricot are drizzled with Oriental spices and smoky oak. One of California's  most consistent wines, and rich enough to stand in for Chardonnay.",Reserve Fume,88,17,California,Alexander Valley,Sonoma,"","",Murphy-Goode 2000 Reserve Fume Sauvignon Blanc (Alexander Valley),Sauvignon Blanc,Murphy-Goode
388,US,"Delicate and complex, a cool climate wine with a mixture of ripe cherry flavors and leaner ones of tobacco, tomato skin, and cranberry. Bone dry with excellent acidity, this somewhat tart wine is well made, and may be an ager.",Paragon Vineyard,88,25,California,Edna Valley,Central Coast,Roger Voss,@vossroger,Kynsi 1999 Paragon Vineyard Pinot Noir (Edna Valley),Pinot Noir,Kynsi
389,Italy,"A blend of grapes, so maybe it is not surprising that the aromas and flavors are a blend: melons, pears and limes, all presented with great freshness and verve alongside a rich texture. Editors' Choice.",Terlano Classico,88,15,Northeastern Italy,Alto Adige,"",Joe Czerwinski,@JoeCz,Cantina Terlano 2002 Terlano Classico White (Alto Adige),White Blend,Cantina Terlano
390,Chile,"Right off the bat this wine is pure and smooth. The nose is pretty, with cranberry and cassis. Next up is a palate of pure red fruit and only a light shading of oak. The finish draws applause for its clarity and buttery nuances. It's what a good Chilean Cabernet should be; it's ripe and easy to drink, yet fairly solid and impressive. Best Buy.",Reserve,88,12,Maipo Valley,"","",Michael Schachner,@wineschach,Casa Julia 2001 Reserve Cabernet Sauvignon (Maipo Valley),Cabernet Sauvignon,Casa Julia
391,Chile,"With full oak and pineapple aromas along with a big mouthful of spicy apple and pear fruit, this is no weakling. On the contrary, it's full and meaty, with a lot of texture and extract. The feel is healthy even if the acidity is on the low side. A very good wine to drink now; it probably won't age that well.",Reserve,88,14,Central Valley,"","",Michael Schachner,@wineschach,Valdivieso 2001 Reserve Chardonnay (Central Valley),Chardonnay,Valdivieso
392,US,"A lovely wine, made even more attractive by the value price. It has flavors and lemons and limes and a ripe, sweet edge of honey, although it's technically dry. The acidity is clean and refreshing.","",87,12,California,Santa Ynez Valley,Central Coast,"","",Bridlewood 2000 Sauvignon Blanc (Santa Ynez Valley),Sauvignon Blanc,Bridlewood
393,Chile,"Strongly oaked, but fresh, young and healthy in the nose. The smell of coconut and lemon curd is friendly and soft, while the palate is loaded with more lemon, coconut, pear and nutmeg. The texture is rich, and, for now, the acidity is bright. A solid Chardonnay for current drinking.",Castillo de Molina Reserva,87,11,Lontué Valley,"","",Michael Schachner,@wineschach,San Pedro 2002 Castillo de Molina Reserva Chardonnay (Lontué Valley),Chardonnay,San Pedro
394,Chile,"Smooth smelling, with pure and fresh berry and plum aromas. Very young and a bit tangy on the palate, with cherry and berry flavors and an oaky, soft finish that goes sweet then sour, and lasts for a long time. In terms of structure, it's balanced, mildly tannic, yet meant for drinking now.",Reserva,87,12,Maipo Valley,"","",Michael Schachner,@wineschach,Undurraga 2001 Reserva Merlot (Maipo Valley),Merlot,Undurraga
395,Italy,"This is the first vintage of this blend of Chardonnay, Pinot Grigio and Sauvignon Blanc, named after the 16th-century abbess Rylint Formentini. Peppery in character, with rich, complex fruit, it has citric flavors, along with a sense of structure and acidity.",Rylint,87,,Northeastern Italy,Collio,"",Roger Voss,@vossroger,Conti Formentini 2001 Rylint White (Collio),White Blend,Conti Formentini
396,US,"Rich in spicy, briary berry-cherry and chocolate fruit, with ultra-smooth tannins, and just enough acidity to cut through barbecue sauce. It's a bit sweet and Porty on its own.",Ancient Vines,85,16,California,California,California Other,"","",Cline 2007 Ancient Vines Zinfandel (California),Zinfandel,Cline
397,Chile,"Fresh aromas of red cherry and light berry fruit precede a palate that runs a little racy, with borderline tart plum and pie cherry flavors. A solid mouthfeel and mild, chalky tannins give it presence, and for sure it's a clean, sturdy wine. But that's really as far as it goes.",Visión,85,15,Colchagua Valley,"","",Michael Schachner,@wineschach,Cono Sur 2008 Visión Pinot Noir (Colchagua Valley),Pinot Noir,Cono Sur
398,Chile,"On the plump but balanced side, with a perfumed nose that's almost sweet for SB. In the mouth, it's fairly lively and lifted, with nectarine and melon flavors that morph into pink grapefruit on the finish. Decent quality; will get the job done.",Estate Selection,85,13,Curicó Valley,"","",Michael Schachner,@wineschach,Aresti 2008 Estate Selection Sauvignon Blanc (Curicó Valley),Sauvignon Blanc,Aresti
399,Italy,"The wine starts off slowly due to a note of almond nut or cardboard that masks the natural fruit. Once it gets started, however, this luminous sparkling Prosecco offers cheerful notes of stone fruit and pear.",Extra Dry,85,24,Veneto,Prosecco di Valdobbiadene,"","","",Astoria 2008 Extra Dry  (Prosecco di Valdobbiadene),Prosecco,Astoria
